url,filename
https://youtu.be/2UfCGrvfmOY?feature=shared,male-1.mp3
https://youtu.be/ye_dfXyYXMo?feature=shared,male-2.mp3
https://youtu.be/G49rw2-YwlI?feature=shared,male-3.mp3
https://youtu.be/FXUSlJPETOw?feature=shared,male-4.mp3
https://youtu.be/fuGNXKOVlHU?feature=shared,male-5.mp3
https://youtu.be/y908Wyj_ghs?feature=shared,male-6.mp3
https://youtu.be/KKllignWiS8?feature=shared,male-7.mp3
https://youtu.be/elar5ly31bo?feature=shared,male-8.mp3
https://youtu.be/UfNXkiaGX9I?feature=shared,female-1.mp3
https://youtu.be/-wTDvmElnlM?feature=shared,female-2.mp3
https://youtu.be/bAEGT0t5bzQ?feature=shared,female-3.mp3
https://youtu.be/oQmoh-z-gGc?feature=shared,female-4.mp3
https://youtu.be/pWhm40hXaDY?feature=shared,female-5.mp3
https://youtu.be/G7dYEFxJOuc?feature=shared,female-6.mp3
https://youtu.be/cAXqcJadDEA?feature=shared,female-7.mp3
